<?xml version="1.0" encoding="UTF-8"?>
<jcr:root xmlns:jcr="http://www.jcp.org/jcr/1.0" xmlns:nt="http://www.jcp.org/jcr/nt/1.0" xmlns:granite="http://www.adobe.com/jcr/granite/1.0" xmlns:cq="http://www.day.com/jcr/cq/1.0" xmlns:sling="http://sling.apache.org/jcr/sling/1.0"
    jcr:primaryType="nt:unstructured"
    jcr:title="Video Upload Cq Dialog"
    sling:resourceType="cq/gui/components/authoring/dialog">
    <content
        jcr:primaryType="nt:unstructured"
        sling:resourceType="granite/ui/components/coral/foundation/fixedcolumns">
        <items jcr:primaryType="nt:unstructured">
            <column
                jcr:primaryType="nt:unstructured"
                sling:resourceType="granite/ui/components/coral/foundation/container">
                <items jcr:primaryType="nt:unstructured">
                    <select
                        granite:class="cq-dialog-dropdown-showhide"
                        jcr:primaryType="nt:unstructured"
                        sling:resourceType="granite/ui/components/coral/foundation/form/select"
                        fieldLabel="Upload Your Video from DAM / Youtube Url"
                        name="./path">
                        <items jcr:primaryType="nt:unstructured">
                            <dam
                                jcr:primaryType="nt:unstructured"
                                name="./dam"
                                text="dam"
                                value="dam"/>
                            <youtube
                                jcr:primaryType="nt:unstructured"
                                name="./youtube"
                                text="youtube"
                                value="youtube"/>
                        </items>
                        <granite:data
                            jcr:primaryType="nt:unstructured"
                            cq-dialog-dropdown-showhide-target=".showhidetargets"/>
                    </select>
                    <dam
                        granite:class="showhidetargets"
                        jcr:primaryType="nt:unstructured"
                        sling:resourceType="granite/ui/components/coral/foundation/container">
                        <items jcr:primaryType="nt:unstructured">
                            <dampath
                                jcr:primaryType="nt:unstructured"
                                sling:resourceType="cq/gui/components/authoring/dialog/fileupload"
                                fieldLabel="Select Video From Dam Path"
                                fileReferenceParameter="./damFilePath"
                                name="./dampath"/>
                        </items>
                        <granite:data
                            jcr:primaryType="nt:unstructured"
                            showhidetargetvalue="dam"/>
                    </dam>
                    <youtube
                        granite:class="showhidetargets"
                        jcr:primaryType="nt:unstructured"
                        sling:resourceType="granite/ui/components/coral/foundation/container">
                        <items jcr:primaryType="nt:unstructured">
                            <youtubepath
                                jcr:primaryType="nt:unstructured"
                                sling:resourceType="granite/ui/components/coral/foundation/form/textfield"
                                fieldLabel="Enter Youtube Url"
                                name="./youtubepath"/>
                        </items>
                        <granite:data
                            jcr:primaryType="nt:unstructured"
                            showhidetargetvalue="youtube"/>
                    </youtube>
                </items>
            </column>
        </items>
    </content>
</jcr:root>
